feature,vif,status
recency_days,2.6568624401502485,kept
frequency,4.023691482005906,kept
historical_clv,2.535426328464179,kept
avg_basket_size,1.9232651550876083,kept
freq_trend,1.2795841914100263,kept
gap_variance,1.0616031105039834,kept
seasonal_concentration,2.769405177119738,kept
return_rate,1.0053280727929677,kept
discount_sensitivity,1.0037235892631988,kept
avg_product_popularity,1.1854178928202597,kept
engagement_score,8.053640547369064,kept
affinity_lighting,1.9054046426684714,kept
affinity_kitchen_dining,2.0047236951334715,kept
affinity_bags_storage,1.8560589578542062,kept
affinity_christmas_seasonal,2.068519437148138,kept
affinity_stationery_cards,1.8033836124671,kept
affinity_toys_games,2.035247315255862,kept
affinity_garden_outdoor,1.9932976541144398,kept
affinity_jewelry_accessories,1.8345650948207943,kept
affinity_bath_beauty,1.772776245400022,kept
affinity_home_decor,1.7031351842624303,kept
total_spend,17650.670557040554,dropped
avg_spend,27.729267379791846,dropped
