feature,mean_abs_shap
recency_days,1.0579479955129503
engagement_score,0.28002870374519184
frequency,0.1170638891178783
freq_trend,0.10934272613620154
gap_variance,0.10786864771426428
historical_clv,0.08919768026303256
seasonal_concentration,0.041218815320061816
affinity_christmas_seasonal,0.033364612277146814
affinity_bags_storage,0.030050926650346196
discount_sensitivity,0.029292048474028238
avg_product_popularity,0.029110853359658236
affinity_bath_beauty,0.028791493294431533
avg_basket_size,0.02113756843177116
affinity_toys_games,0.01745130183481477
affinity_jewelry_accessories,0.014109329401683518
affinity_garden_outdoor,0.013078799130213457
affinity_home_decor,0.01278138088253688
affinity_kitchen_dining,0.012653838437723195
affinity_lighting,0.009401404109231844
return_rate,0.009287042769236545
affinity_stationery_cards,0.009272741471731336
country_Other,0.002797201447259593
country_Germany,0.0
country_France,0.0
country_EIRE,0.0
country_Netherlands,0.0
